,Wavelength,PACS_160,PACS_100,dlambda
12960,13.48620033,0.0,1e-08,0.00449848
12961,13.49069881,0.0,1e-08,0.00460244
12962,13.49530125,0.0,1e-08,0.00449848
12963,13.49979973,0.0,1e-08,0.00460052
12964,13.50440025,0.0,1e-08,0.00449849
12965,13.50889874,0.0,1e-08,0.00460243
12966,13.51350117,0.0,1e-08,0.00459766
12967,13.51809883,0.0,1e-08,0.00460243
12968,13.52270126,0.0,1e-08,0.00449849
12969,13.52719975,0.0,1e-08,0.00460052
12970,13.53180027,0.0,1e-08,0.00459957
12971,13.53639984,0.0,1e-08,0.00460053
12972,13.54100037,0.0,1e-08,0.00449848
12973,13.54549885,0.0,1e-08,0.00460148
12974,13.55010033,0.0,1e-08,0.00459861
12975,13.55469894,0.0,1e-08,0.00460148
12976,13.55930042,0.0,1e-08,0.00459862
12977,13.56389904,0.0,1e-08,0.00460053
12978,13.56849957,0.0,1e-08,0.00460147
12979,13.57310104,0.0,1e-08,0.00459862
12980,13.57769966,0.0,1e-08,0.00460148
12981,13.58230114,0.0,1e-08,0.00469875
12982,13.58699989,0.0,1e-08,0.00460053
12983,13.59160042,0.0,1e-08,0.00459957
12984,13.59619999,0.0,2e-08,0.00459957
12985,13.60079956,0.0,2e-08,0.00460053
12986,13.60540009,0.0,2e-08,0.00469875
12987,13.61009884,0.0,2e-08,0.00460243
12988,13.61470127,0.0,2e-08,0.00459766
12989,13.61929893,0.0,2e-08,0.00470067
12990,13.6239996,0.0,2e-08,0.00460052
12991,13.62860012,0.0,2e-08,0.00469875
12992,13.63329887,0.0,2e-08,0.00460148
12993,13.63790035,0.0,2e-08,0.00469971
12994,13.64260006,0.0,2e-08,0.00459957
12995,13.64719963,0.0,2e-08,0.00470162
12996,13.65190125,0.0,2e-08,0.00459766
12997,13.65649891,0.0,3e-08,0.00470066
12998,13.66119957,0.0,3e-08,0.00470161
12999,13.66590118,0.0,3e-08,0.00459767
13000,13.67049885,0.0,3e-08,0.00470161
13001,13.67520046,0.0,3e-08,0.00470066
13002,13.67990112,0.0,3e-08,0.00469876
13003,13.68459988,0.0,3e-08,0.0046997
13004,13.68929958,0.0,3e-08,0.00460148
13005,13.69390106,0.0,3e-08,0.00469876
13006,13.69859982,0.0,3e-08,0.00470066
13007,13.70330048,0.0,3e-08,0.0046997
13008,13.70800018,0.0,3e-08,0.00469876
13009,13.71269894,0.0,3e-08,0.00470066
13010,13.7173996,0.0,3e-08,0.00470161
13011,13.72210121,0.0,4e-08,0.00469875
13012,13.72679996,0.0,4e-08,0.00469971
13013,13.73149967,0.0,4e-08,0.0048008
13014,13.73630047,0.0,4e-08,0.00469971
13015,13.74100018,0.0,4e-08,0.00469875
13016,13.74569893,0.0,4e-08,0.00470066
13017,13.75039959,0.0,4e-08,0.0048008
13018,13.75520039,0.0,4e-08,0.00470066
13019,13.75990105,0.0,4e-08,0.00469875
13020,13.7645998,0.0,4e-08,0.00479984
13021,13.76939964,0.0,4e-08,0.00470162
13022,13.77410126,0.0,4e-08,0.00469875
13023,13.77880001,0.0,4e-08,0.00479984
13024,13.78359985,0.0,4e-08,0.00469971
13025,13.78829956,0.0,4e-08,0.0048008
13026,13.79310036,0.0,4e-08,0.00480079
13027,13.79790115,0.0,4e-08,0.00469876
13028,13.80259991,0.0,4e-08,0.00479984
13029,13.80739975,0.0,5e-08,0.00479984
13030,13.81219959,0.0,5e-08,0.00470162
13031,13.81690121,0.0,5e-08,0.00479984
13032,13.82170105,0.0,5e-08,0.00479794
13033,13.82649899,0.0,5e-08,0.00479984
13034,13.83129883,0.0,5e-08,0.00470161
13035,13.83600044,0.0,5e-08,0.00479985
13036,13.84080029,0.0,5e-08,0.00479984
13037,13.84560013,0.0,5e-08,0.00479984
13038,13.85039997,0.0,5e-08,0.00479984
13039,13.85519981,0.0,5e-08,0.00479985
13040,13.85999966,0.0,5e-08,0.00480079
13041,13.86480045,0.0,5e-08,0.00479985
13042,13.8696003,0.0,5e-08,0.00479984
13043,13.87440014,0.0,5e-08,0.00490093
13044,13.87930107,0.0,5e-08,0.00479794
13045,13.88409901,0.0,5e-08,0.00479984
13046,13.88889885,0.0,5e-08,0.0048008
13047,13.89369965,0.0,5e-08,0.00480079
13048,13.89850044,0.0,5e-08,0.00489998
13049,13.90340042,0.0,5e-08,0.00479984
13050,13.90820026,0.0,5e-08,0.00479985
13051,13.91300011,0.0,5e-08,0.00490093
13052,13.91790104,0.0,5e-08,0.00479793
13053,13.92269897,0.0,5e-08,0.00490094
13054,13.92759991,0.0,5e-08,0.00479984
13055,13.93239975,0.0,5e-08,0.00489902
13056,13.93729877,0.0,5e-08,0.0048008
13057,13.94209957,0.0,5e-08,0.00489998
13058,13.94699955,0.0,5e-08,0.00489998
13059,13.95189953,0.0,6e-08,0.0048008
13060,13.95670033,0.0,6e-08,0.00489997
13061,13.9616003,0.0,6e-08,0.00490094
13062,13.96650124,0.0,6e-08,0.00489902
13063,13.97140026,0.0,6e-08,0.00479984
13064,13.9762001,0.0,6e-08,0.00490094
13065,13.98110104,0.0,6e-08,0.00489902
13066,13.98600006,0.0,6e-08,0.00490093
13067,13.99090099,0.0,6e-08,0.00489903
13068,13.99580002,0.0,6e-08,0.00489902
13069,14.00069904,0.0,6e-08,0.00490094
13070,14.00559998,0.0,6e-08,0.00489902
13071,14.010499,0.0,6e-08,0.00490093
13072,14.01539993,0.0,6e-08,0.00489903
13073,14.02029896,0.0,6e-08,0.00490093
13074,14.02519989,0.0,6e-08,0.00500011
13075,14.0302,0.0,6e-08,0.00489903
13076,14.03509903,0.0,6e-08,0.00490093
13077,14.03999996,0.0,6e-08,0.00489903
13078,14.04489899,0.0,6e-08,0.00500202
13079,14.04990101,0.0,6e-08,0.00489902
13080,14.05480003,0.0,6e-08,0.00500012
13081,14.05980015,0.0,5e-08,0.00490093
13082,14.06470108,0.0,5e-08,0.00489903
13083,14.06960011,0.0,5e-08,0.00500011
13084,14.07460022,0.0,5e-08,0.00490093
13085,14.07950115,0.0,5e-08,0.00500012
13086,14.08450127,0.0,5e-08,0.00499916
13087,14.08950043,0.0,5e-08,0.00489998
13088,14.09440041,0.0,5e-08,0.00499916
13089,14.09939957,0.0,5e-08,0.00500011
13090,14.10439968,0.0,5e-08,0.00489998
13091,14.10929966,0.0,6e-08,0.00499916
13092,14.11429882,0.0,5e-08,0.00500011
13093,14.11929893,0.0,5e-08,0.00500203
13094,14.12430096,0.0,5e-08,0.00500011
13095,14.12930107,0.0,5e-08,0.00500012
13096,14.13430119,0.0,5e-08,0.00499916
13097,14.13930035,0.0,5e-08,0.00500011
13098,14.14430046,0.0,5e-08,0.00499916
13099,14.14929962,0.0,5e-08,0.00499916
13100,14.15429878,0.0,5e-08,0.00500012
13101,14.1592989,0.0,5e-08,0.00500011
13102,14.16429901,0.0,5e-08,0.00500202
13103,14.16930103,0.0,5e-08,0.00500012
13104,14.17430115,0.0,5e-08,0.00509929
13105,14.17940044,0.0,5e-08,0.00499916
13106,14.1843996,0.0,5e-08,0.00500012
13107,14.18939972,0.0,5e-08,0.0050993
13108,14.19449902,0.0,5e-08,0.00500202
13109,14.19950104,0.0,5e-08,0.00500011
13110,14.20450115,0.0,5e-08,0.0050993
13111,14.20960045,0.0,5e-08,0.00499916
13112,14.21459961,0.0,5e-08,0.0050993
13113,14.21969891,0.0,5e-08,0.0051012
13114,14.22480011,0.0,5e-08,0.00500011
13115,14.22980022,0.0,5e-08,0.00510025
13116,14.23490047,0.0,5e-08,0.00499917
13117,14.23989964,0.0,5e-08,0.00510025
13118,14.24499989,0.0,5e-08,0.0051012
13119,14.25010109,0.0,5e-08,0.0050993
13120,14.25520039,0.0,5e-08,0.00499916
13121,14.26019955,0.0,5e-08,0.00509929
13122,14.26529884,0.0,5e-08,0.00510121
13123,14.27040005,0.0,5e-08,0.0051012
13124,14.27550125,0.0,5e-08,0.00509834
13125,14.28059959,0.0,5e-08,0.0050993
13126,14.28569889,0.0,5e-08,0.0051012
13127,14.29080009,0.0,5e-08,0.00510025
13128,14.29590034,0.0,5e-08,0.0050993
13129,14.30099964,0.0,5e-08,0.00520039
13130,14.30620003,0.0,5e-08,0.0051012
13131,14.31130123,0.0,5e-08,0.00509834
13132,14.31639957,0.0,5e-08,0.0050993
13133,14.32149887,0.0,5e-08,0.0051012
13134,14.32660007,0.0,5e-08,0.00520039
13135,14.33180046,0.0,5e-08,0.00509834
13136,14.3368988,0.0,5e-08,0.0052023
13137,14.3421011,0.0,5e-08,0.00509929
13138,14.34720039,0.0,5e-08,0.00519944
13139,14.35239983,0.0,5e-08,0.0051012
13140,14.35750103,0.0,5e-08,0.00519943
13141,14.36270046,0.0,5e-08,0.0050993
13142,14.36779976,0.0,5e-08,0.00520038
13143,14.37300014,0.0,5e-08,0.00510026
13144,14.3781004,0.0,5e-08,0.00519847
13145,14.38329887,0.0,5e-08,0.0052023
13146,14.38850117,0.0,5e-08,0.00519848
13147,14.39369965,0.0,5e-08,0.00510025
13148,14.3987999,0.0,5e-08,0.00520038
13149,14.40400028,0.0,5e-08,0.00519943
13150,14.40919971,0.0,5e-08,0.00520039
13151,14.4144001,0.0,5e-08,0.00519943
13152,14.41959953,0.0,5e-08,0.00520039
13153,14.42479992,0.0,4e-08,0.00520039
13154,14.43000031,0.0,4e-08,0.00519943
13155,14.43519974,0.0,4e-08,0.00520038
13156,14.44040012,0.0,4e-08,0.00519944
13157,14.44559956,0.0,4e-08,0.00530147
13158,14.45090103,0.0,4e-08,0.00519943
13159,14.45610046,0.0,4e-08,0.00519848
13160,14.46129894,0.0,4e-08,0.0052023
13161,14.46650124,0.0,4e-08,0.00529861
13162,14.47179985,0.0,4e-08,0.00520039
13163,14.47700024,0.0,4e-08,0.00529861
13164,14.48229885,0.0,4e-08,0.00520229
13165,14.48750114,0.0,4e-08,0.00529862
13166,14.49279976,0.0,4e-08,0.00520038
13167,14.49800014,0.0,4e-08,0.00529862
13168,14.50329876,0.0,3e-08,0.00520229
13169,14.50850105,0.0,3e-08,0.00529862
13170,14.51379967,0.0,3e-08,0.00530147
13171,14.51910114,0.0,3e-08,0.00519848
13172,14.52429962,0.0,3e-08,0.00530052
13173,14.52960014,0.0,3e-08,0.00529862
13174,14.53489876,0.0,3e-08,0.00530147
13175,14.54020023,0.0,3e-08,0.00529862
13176,14.54549885,0.0,3e-08,0.00520229
13177,14.55070114,0.0,3e-08,0.00529862
13178,14.55599976,0.0,3e-08,0.00530147
13179,14.56130123,0.0,3e-08,0.00529862
13180,14.56659985,0.0,3e-08,0.00530052
13181,14.57190037,0.0,3e-08,0.00540066
13182,14.57730103,0.0,2e-08,0.00529861
13183,14.58259964,0.0,2e-08,0.00530148
13184,14.58790112,0.0,2e-08,0.00529861
13185,14.59319973,0.0,2e-08,0.00530148
13186,14.59850121,0.0,2e-08,0.00539779
13187,14.603899,0.0,2e-08,0.00530052
13188,14.60919952,0.0,2e-08,0.00530148
13189,14.614501,0.0,2e-08,0.0053978
13190,14.6198988,0.0,2e-08,0.00530147
13191,14.62520027,0.0,2e-08,0.00539971
13192,14.63059998,0.0,2e-08,0.00529956
13193,14.63589954,0.0,2e-08,0.00540162
13194,14.64130116,0.0,2e-08,0.00529861
13195,14.64659977,0.0,2e-08,0.00540066
13196,14.65200043,0.0,2e-08,0.0053997
13197,14.65740013,0.0,2e-08,0.00539971
13198,14.66279984,0.0,2e-08,0.00530052
13199,14.66810036,0.0,2e-08,0.00540065
13200,14.67350101,0.0,2e-08,0.0053978
13201,14.67889881,0.0,2e-08,0.00540161
13202,14.68430042,0.0,2e-08,0.00540066
13203,14.68970108,0.0,2e-08,0.0053978
13204,14.69509888,0.0,1e-08,0.00540065
13205,14.70049953,0.0,1e-08,0.00540162
13206,14.70590115,0.0,1e-08,0.00539779
13207,14.71129894,0.0,1e-08,0.00540066
13208,14.7166996,0.0,1e-08,0.00540161
13209,14.72210121,0.0,1e-08,0.0053978
13210,14.72749901,0.0,1e-08,0.00550079
13211,14.7329998,0.0,1e-08,0.00540066
13212,14.73840046,0.0,1e-08,0.0053997
13213,14.74380016,0.0,1e-08,0.0055008
13214,14.74930096,0.0,1e-08,0.00539779
13215,14.75469875,0.0,1e-08,0.00540161
13216,14.76010036,0.0,1e-08,0.00549984
13217,14.7656002,0.0,1e-08,0.00539971
13218,14.77099991,0.0,1e-08,0.00549888
13219,14.77649879,0.0,1e-08,0.0055008
13220,14.78199959,0.0,1e-08,0.00540066
13221,14.78740025,0.0,1e-08,0.00550079
13222,14.79290104,0.0,1e-08,0.00549889
13223,14.79839993,0.0,1e-08,0.0053997
13224,14.80379963,0.0,1e-08,0.00550079
13225,14.80930042,0.0,1e-08,0.00549984
13226,14.81480026,0.0,1e-08,0.0055008
13227,14.82030106,0.0,1e-08,0.00549888
13228,14.82579994,0.0,1e-08,0.00549889
13229,14.83129883,0.0,1e-08,0.00550079
13230,14.83679962,0.0,1e-08,0.0055008
13231,14.84230042,0.0,1e-08,0.00549983
13232,14.84780025,0.0,1e-08,0.0055008
13233,14.85330105,0.0,1e-08,0.00549888
13234,14.85879993,0.0,1e-08,0.00559998
13235,14.86439991,0.0,1e-08,0.00549889
13236,14.8698988,0.0,1e-08,0.00550079
13237,14.87539959,0.0,1e-08,0.00559998
13238,14.88099957,0.0,1e-08,0.00550079
13239,14.88650036,0.0,1e-08,0.00549984
13240,14.8920002,0.0,1e-08,0.00559997
13241,14.89760017,0.0,1e-08,0.0055008
13242,14.90310097,0.0,1e-08,0.00559807
13243,14.90869904,0.0,1e-08,0.00550079
13244,14.91419983,0.0,1e-08,0.00559997
14357,25.60820007,0.0,1e-08,0.01639939
14358,25.62459946,0.0,1e-08,0.01640129
14359,25.64100075,0.0,1e-08,0.01649856
14360,25.65749931,0.0,1e-08,0.01640129
14361,25.6739006,0.0,1e-08,0.01649857
14362,25.69039917,0.0,1e-08,0.01650047
14363,25.70689964,0.0,1e-08,0.01659966
14364,25.7234993,0.0,1e-08,0.01650047
14365,25.73999977,0.0,1e-08,0.01659966
14366,25.75659943,0.0,1e-08,0.01659965
14367,25.77319908,0.0,1e-08,0.01660156
14368,25.78980064,0.0,1e-08,0.01669884
14369,25.80649948,0.0,1e-08,0.01659966
14370,25.82309914,0.0,1e-08,0.01670074
14371,25.83979988,0.0,1e-08,0.01670075
14372,25.85650063,0.0,1e-08,0.01669883
14373,25.87319946,0.0,1e-08,0.01679993
14651,31.54570007,0.0,1e-08,0.02490235
14652,31.57060242,0.0,1.2e-07,0.02499771
14653,31.59560013,0.0,3.3e-07,0.02499771
14654,31.62059784,0.0,4.3e-07,0.02500153
14655,31.64559937,0.0,3.6e-07,0.02500152
14656,31.67060089,0.0,1.9e-07,0.12589836
15085,48.95959854,0.0,1e-08,0.06000137
15086,49.01959991,0.0,1e-08,0.06019974
15087,49.07979965,0.0,1e-08,0.06019974
15088,49.13999939,0.0,1e-08,0.0605011
15089,49.20050049,0.0,1e-08,0.06060028
15090,49.26110077,0.0,2e-08,0.06069946
15091,49.32180023,0.0,2e-08,0.06090164
15092,49.38270187,0.0,2e-08,0.06110001
15093,49.44380188,0.0,3e-08,0.06119919
15094,49.50500107,0.0,3e-08,0.06129837
15095,49.56629944,0.0,2e-08,0.06150055
15096,49.62779999,0.0,3e-08,0.06159973
15097,49.68939972,0.0,2e-08,0.06180191
15098,49.75120163,0.0,2e-08,0.06200027
15099,49.8132019,0.0,3e-08,0.06209946
15100,49.87530136,0.0,4e-08,0.06229782
15101,49.93759918,0.0,6e-08,0.06240082
15102,50.0,0.0,1e-07,0.06259918
15103,50.06259918,0.0,1.4e-07,0.06270218
15104,50.12530136,0.0,1.9e-07,0.06290054
15105,50.1882019,0.0,2.5e-07,0.06309891
15106,50.25130081,0.0,2.8e-07,0.06319809
15107,50.3144989,0.0,2.8e-07,0.06330109
15108,50.37779999,0.0,3e-07,0.06359863
15109,50.44139862,0.0,2.9e-07,0.06370163
15110,50.50510025,0.0,2.7e-07,0.06380081
15111,50.56890106,0.0,2.6e-07,0.06399918
15112,50.63290024,0.0,1.8e-07,0.06420135
15113,50.69710159,0.0,1.2e-07,0.06429673
15114,50.76139832,0.0,3.1e-07,0.06450271
15115,50.82590103,0.0,6e-07,0.06469727
15116,50.8905983,0.0,8.8e-07,0.06480026
15117,50.95539856,0.0,1.29e-06,0.06500244
15118,51.020401,0.0,1.53e-06,0.06520081
15119,51.08560181,0.0,1.53e-06,0.06529998
15120,51.15090179,0.0,1.66e-06,0.06549836
15121,51.21640015,0.0,1.76e-06,0.06570053
15122,51.28210068,0.0,1.54e-06,0.06579971
15123,51.34790039,0.0,1.54e-06,0.06599808
15124,51.41389847,0.0,1.65e-06,0.06620025
15125,51.48009872,0.0,1.46e-06,0.06629944
15126,51.54639816,0.0,1.78e-06,0.06650162
15127,51.61289978,0.0,2.56e-06,0.06669998
15128,51.67959976,0.0,2.81e-06,0.06679917
15129,51.74639893,0.0,3.13e-06,0.06710052
15130,51.81349945,0.0,3.74e-06,0.06719971
15131,51.88069916,0.0,3.55e-06,0.06740188
15132,51.94810104,0.0,3.43e-06,0.06749726
15133,52.0155983,0.0,4.21e-06,0.06770324
15134,52.08330154,0.0,4.59e-06,0.0678978
15135,52.15119934,0.0,5e-06,0.06809998
15136,52.21929932,0.0,6.2e-06,0.06830215
15137,52.28760147,0.0,6.62e-06,0.06839752
15138,52.35599899,0.0,6.74e-06,0.13740158
15139,52.49340057,0.0,7.55e-06,0.06900025
15140,52.56240082,0.0,5.93e-06,0.06919861
15141,52.63159943,0.0,5.4e-06,0.0693016
15142,52.70090103,0.0,4.94e-06,0.06949997
15143,52.770401,0.0,4.17e-06,0.06979752
15144,52.84019852,0.0,5.14e-06,0.06990051
15145,52.91009903,0.0,5.69e-06,0.06999969
15146,52.98009872,0.0,4.13e-06,0.07030106
15147,53.05039978,0.0,3.42e-06,0.07040024
15148,53.12080002,0.0,3.4e-06,0.0707016
15149,53.19150162,0.0,2.51e-06,0.07079696
15150,53.26229858,0.0,2.74e-06,0.07100296
15151,53.33330154,0.0,3.72e-06,0.07119751
15152,53.40449905,0.0,3.71e-06,0.07139969
15153,53.47589874,0.0,3.89e-06,0.07160187
15154,53.54750061,0.0,4.67e-06,0.07180023
15155,53.61930084,0.0,3.99e-06,0.07200241
15156,53.69130325,0.0,2.9e-06,0.07209397
15157,53.76339722,0.0,3.07e-06,0.07240295
15158,53.83580017,0.0,3.25e-06,0.07260132
15159,53.90840149,0.0,3.26e-06,0.0727005
15160,53.98110199,0.0,4.14e-06,0.07299805
15161,54.05410004,0.0,4.69e-06,0.07310104
15162,54.12720108,0.0,4.42e-06,0.07329941
15163,54.20050049,0.0,4.8e-06,0.07359695
15164,54.27409744,0.0,4.89e-06,0.07370377
15165,54.34780121,0.0,3.69e-06,0.0739975
15166,54.42179871,0.0,3.34e-06,0.07410049
15167,54.4958992,0.0,3.82e-06,0.07440567
15168,54.57030487,0.0,4.01e-06,0.07449341
15169,54.64479828,0.0,6.6e-06,0.07480621
15170,54.71960449,0.0,1.071e-05,0.07489014
15171,54.79449463,0.0,1.193e-05,0.07520676
15172,54.86970139,0.0,1.237e-05,0.0754013
15173,54.94510269,0.0,1.311e-05,0.07550049
15174,55.02060318,0.0,1.035e-05,0.07580185
15175,55.09640503,1e-08,8.09e-06,0.0759964
15176,55.17240143,1e-08,1.04e-05,0.07619858
15177,55.24860001,1e-08,1.282e-05,0.07639694
15178,55.32499695,2e-08,1.86e-05,0.0766983
15179,55.40169525,2e-08,3.165e-05,0.07680893
15180,55.47850418,1e-08,4.181e-05,0.07709122
15181,55.5555954,3e-08,4.89e-05,0.07720566
15182,55.63280106,4e-08,5.955e-05,0.07749557
15183,55.71029663,4e-08,5.866e-05,0.07770157
15184,55.7879982,5e-08,4.129e-05,0.07790375
15185,55.86590195,7e-08,2.643e-05,0.07820129
15186,55.94410324,7e-08,1.292e-05,0.07829666
15187,56.0223999,1e-07,8.3e-07,0.07860565
15188,56.10100555,1.4e-07,8.09e-06,0.07878876
15189,56.17979431,1.5e-07,3.313e-05,0.07901001
15190,56.25880432,1.5e-07,5.243e-05,0.07920075
15191,56.33800507,1.6e-07,7.518e-05,0.07949066
15192,56.41749573,1.3e-07,9.727e-05,0.0797081
15193,56.49720383,1.1e-07,9.498e-05,0.07989883
15194,56.57710266,1.1e-07,8.96e-05,0.08009338
15195,56.65719604,8e-08,8.652e-05,0.08040238
15196,56.73759842,4e-08,5.859e-05,0.08060455
15197,56.81820297,3e-08,3.56e-05,0.08079148
15198,56.89899445,1e-08,3.91e-05,0.08110046
15199,56.98009491,0.0,2.942e-05,0.08120346
15200,57.06129837,0.0,1.289e-05,0.08160019
15201,57.14289856,0.0,2.035e-05,0.08170319
15202,57.22460175,0.0,2.769e-05,0.08199691
15203,57.30659866,0.0,3.167e-05,0.08220291
15204,57.38880157,0.0,5.006e-05,0.08249283
15205,57.4712944,0.0,5.148e-05,0.08271027
15206,57.55400467,1e-08,3.739e-05,0.08289719
15207,57.63690186,1e-08,5.15e-05,0.08320236
15208,57.72010422,2e-08,6.644e-05,0.08339691
15209,57.80350113,2e-08,5.626e-05,0.08359528
15210,57.88709641,2e-08,6.256e-05,0.08390426
15211,57.97100067,2e-08,8.77e-05,0.084198
15212,58.05519867,2e-08,0.00012209,0.08430099
15213,58.13949966,2e-08,0.00019412,0.08469773
15214,58.22419739,2e-08,0.00027256,0.08480072
15215,58.30899811,2e-08,0.00029714,0.08520508
15216,58.39420319,1e-08,0.00029164,0.08529663
15217,58.47949982,1e-08,0.000289,0.0857048
15218,58.56520462,1e-08,0.00027978,0.08579636
15219,58.65100098,1e-08,0.00027034,0.08620071
15220,58.73720169,1e-08,0.00025326,0.0862999
15221,58.82350159,1e-08,0.00021611,0.08669281
15222,58.9101944,1e-08,0.00019521,0.08690643
15223,58.99710083,1e-08,0.00020067,0.0871048
15224,59.08420563,0.0,0.00019513,0.08739853
15225,59.17160416,0.0,0.00017182,0.08769989
15226,59.25930405,0.0,0.000152,0.08789444
15227,59.34719849,0.0,0.00015605,0.08819961
15228,59.4353981,0.0,0.00018727,0.0884018
15229,59.5237999,0.0,0.00021582,0.08869934
15230,59.61249924,0.0,0.00021023,0.08899688
15231,59.70149612,0.0,0.00019125,0.08920289
15232,59.79069901,0.0,0.00018947,0.08950042
15233,59.88019943,0.0,0.00020589,0.08980561
15234,59.97000504,0.0,0.00021997,0.09009552
15235,60.06010056,0.0,0.00019996,0.09029769
15236,60.15039825,0.0,0.00017051,0.09059906
15237,60.24099731,0.0,0.0001912,0.09080506
15238,60.33180237,0.0,0.00022073,0.09119797
15239,60.42300034,0.0,0.00021079,0.09140014
15240,60.51440048,0.0,0.00019793,0.0916977
15241,60.60609818,0.0,0.00018962,0.09190368
15242,60.69800186,0.0,0.00020543,0.0922966
15243,60.79029846,0.0,0.00032725,0.09250641
15244,60.88280487,0.0,0.0004906,0.09280014
15245,60.97560501,0.0,0.00057578,0.09309387
15246,61.06869888,0.0,0.00062308,0.09339905
15247,61.16209793,0.0,0.00062355,0.09360123
15248,61.25569916,0.0,0.00050343,0.09400177
15249,61.34970093,0.0,0.00037095,0.09420395
15250,61.44390488,0.0,0.00027725,0.09459686
15251,61.53850174,0.0,0.00015112,0.09479904
15252,61.63330078,0.0,0.00011638,0.09510422
15253,61.728405,0.0,0.00019352,0.09539795
15254,61.82380295,0.0,0.00017793,0.09569931
15255,61.91950226,0.0,0.00014039,0.09599685
15256,62.01549911,0.0,0.00022324,0.09630204
15257,62.11180115,0.0,0.00025831,0.09660339
15258,62.20840454,0.0,0.00025937,0.09689331
15259,62.30529785,0.0,0.00036755,0.09720612
15260,62.40250397,0.0,0.00039415,0.09749603
15261,62.5,0.0,0.00034433,0.09779739
15262,62.59779739,0.0,0.00041374,0.09809876
15263,62.69589615,1e-08,0.0005062,0.09840011
15264,62.79429626,1e-08,0.00047943,0.09880448
15265,62.89310074,1e-08,0.00054699,0.09900284
15266,62.99210358,1e-08,0.0005931,0.09939575
15267,63.09149933,1e-08,0.00047937,0.09970093
15268,63.19120026,1e-08,0.00050453,0.09989547
15269,63.29109573,1e-08,0.00055742,0.10030365
15270,63.39139938,1e-08,0.00036437,0.1007042
15271,63.49210358,1e-08,0.00026265,0.10089492
15272,63.5929985,0.0,0.0003331,0.10130692
15273,63.69430542,0.0,0.00023771,0.10159302
15274,63.79589844,0.0,0.0002279,0.10189819
15275,63.89779663,0.0,0.00042884,0.10220337
15276,64.0,0.0,0.00041226,0.1026001
15277,64.1026001,0.0,0.00035777,0.10289764
15278,64.20549774,0.0,0.00054213,0.10320282
15279,64.30870056,0.0,0.00053693,0.10350037
15280,64.41220093,0.0,0.00043144,0.10389709
15281,64.51609802,0.0,0.00057118,0.10430146
15282,64.62039948,0.0,0.00052897,0.10449981
15283,64.72489929,0.0,0.00032637,0.10490418
15284,64.82980347,0.0,0.0004184,0.10529327
15285,64.93509674,0.0,0.00036861,0.1055069
15286,65.04060364,0.0,5.984e-05,0.10599518
15287,65.14659882,0.0,0.00016475,0.10630035
15288,65.25289917,0.0,0.00038953,0.1065979
15289,65.35949707,0.0,0.00028246,0.10690308
15290,65.46640015,0.0,0.00038264,0.10739898
15291,65.57379913,0.0,0.00059997,0.10759735
15292,65.68139648,0.0,0.00041652,0.1081009
15293,65.78949738,0.0,0.00037095,0.10840606
15294,65.89790344,0.0,0.00060895,0.10869599
15295,66.00659943,0.0,0.00052152,0.10910034
15296,66.11569977,0.0,0.00046092,0.10949707
15297,66.22519684,0.0,0.00064822,0.10980224
15298,66.33499908,0.0,0.00051589,0.11019898
15299,66.44519806,0.0,0.00019766,0.11050415
15300,66.55570221,0.0,0.00032219,0.11100006
15301,66.66670227,0.0,0.00024643,0.11129761
15302,66.77799988,0.0,2.263e-05,0.11160278
15303,66.88960266,0.0,0.00018038,0.11209869
15304,67.00170135,0.0,0.00029204,0.11239625
15305,67.1140976,0.0,1.744e-05,0.11280059
15306,67.22689819,0.0,0.00012827,0.11320496
15307,67.34010315,0.0,0.00032209,0.11349487
15308,67.45359802,0.0,2.201e-05,0.11399842
15309,67.56759644,0.0,0.00014662,0.2290039
15310,67.79660034,0.0,6.666e-05,0.11509705
15311,67.91169739,0.0,7.8e-05,0.1155014
15312,68.02719879,0.0,0.00037214,0.11589813
15313,68.14309692,0.0,7.765e-05,0.23300171
15314,68.37609863,0.0,0.00020852,0.1170044
15315,68.49310303,0.0,7.243e-05,0.1175003
15316,68.61060333,0.0,6.566e-05,0.11789704
15317,68.72850037,0.0,0.00022404,0.11830139
15318,68.84680176,0.0,0.00010943,0.11869812
15319,68.96549988,0.0,6.412e-05,0.11910248
15320,69.08460236,0.0,0.00052553,0.11959838
15321,69.20420074,0.0,0.00041454,0.11989594
15322,69.32409668,0.0,0.00029951,0.12030029
15323,69.44439697,0.0,0.00074173,0.12080384
15324,69.56520081,0.0,0.00055584,0.12120056
15325,69.68640137,0.0,0.00020496,0.12159729
15326,69.80799866,0.0,0.00055585,0.12210083
15327,69.93009949,0.0,0.00030511,0.12239837
15328,70.05249786,0.0,8.172e-05,0.12290192
15329,70.17539978,0.0,0.00020673,0.12339783
15330,70.29879761,0.0,0.00022707,0.123703
15331,70.42250061,0.0,3.8e-05,0.12419891
15332,70.54669952,0.0,0.0003237,0.12470246
15333,70.67140198,0.0,0.00067768,0.12509918
15334,70.79650116,0.0,0.00028141,0.12549591
15335,70.92199707,0.0,0.00060039,0.76260376
15336,71.68460083,0.0,0.00088049,0.12870026
15337,71.81330109,0.0,0.00137865,0.12909698
15338,71.94239807,0.0,0.00092969,0.12969971
15339,72.07209778,0.0,0.00053635,0.13010406
15340,72.20220184,0.0,0.00093976,0.1305008
15341,72.33270264,0.0,0.0005666,0.13109588
15342,72.46379852,0.0,0.00013157,0.13150025
15343,72.59529877,0.0,0.00062056,0.13200378
15344,72.72730255,0.0,0.00033404,0.13240051
15345,72.85970306,0.0,6.65e-05,0.13299561
15346,72.99269867,0.0,7.177e-05,0.13339996
15347,73.12609863,0.0,0.00019846,0.13400269
15348,73.26010132,0.0,1.011e-05,0.13439941
15349,73.39450073,0.0,2.501e-05,0.13490296
15350,73.52940369,0.0,0.00010569,0.13539886
15351,73.66480255,0.0,2.172e-05,0.13589478
15352,73.80069733,0.0,9.14e-05,0.13650512
15353,73.93720245,0.0,1.734e-05,0.27429963
15354,74.21150208,0.0,0.00035674,0.1379013
15355,74.34940338,0.0,0.00019632,0.1384964
15356,74.48789978,0.0,0.00022349,0.13899994
15357,74.62689972,0.0,0.00042985,0.13950348
15358,74.7664032,0.0,0.00019533,0.13999939
15359,74.90640259,0.0,5.676e-05,0.1404953
15360,75.04689789,0.0,0.00015203,0.14110565
15361,75.18800354,0.0,2.638e-05,0.14159393
15362,75.32959747,0.0,1.392e-05,0.2848053
15363,75.61440277,0.0,0.00020281,0.14319611
15364,75.75759888,0.0,0.00019666,0.14369964
15365,75.90129852,0.0,0.00085319,0.14430237
15366,76.04560089,0.0,0.00051618,0.14489746
15367,76.19049835,0.0,0.00013243,0.145401
15368,76.33589935,0.0,0.00087785,0.14589691
15369,76.48179626,0.0,0.00059763,0.14650727
15370,76.62830353,0.0,0.00014841,0.14709472
15371,76.77539825,0.0,0.001077,0.14770508
15372,76.92310333,0.0,0.00107757,0.14819336
15373,77.07129669,0.0,0.00050576,0.14880371
15374,77.2201004,0.0,0.00146602,0.14929962
15375,77.36940002,0.0,0.00187287,0.15000153
15376,77.51940155,0.0,0.0012279,0.15049744
15377,77.66989899,0.0,0.00201758,0.15110016
15378,77.82099915,0.0,0.00263618,0.15170288
15379,77.97270203,0.0,0.00188691,0.15229797
15380,78.125,0.0,0.00248817,0.1529007
15381,78.2779007,0.0,0.00343843,0.15349578
15382,78.43139648,0.0,0.00281022,0.15410614
15383,78.58550262,0.0,0.00320552,0.15469361
15384,78.74019623,0.0,0.00447173,0.15530395
15385,78.89550018,0.0,0.00439539,0.15589905
15386,79.05139923,0.0,0.00517591,0.15650177
15387,79.207901,0.0,0.00716061,0.15719605
15388,79.36509705,0.0,0.00761961,0.15780639
15389,79.52290344,0.0,0.0083747,0.15839386
15390,79.6812973,0.0,0.0105813,0.15900421
15391,79.84030151,0.0,0.0114142,0.15969849
15392,80.0,0.0,0.0122284,0.16030121
15393,80.16030121,0.0,0.0148922,0.16099548
15394,80.32129669,0.0,0.0165573,0.16160584
15395,80.48290253,0.0,0.0180259,0.16230011
15396,80.64520264,0.0,0.0219115,0.1628952
15397,80.80809784,0.0,0.0254878,0.16360474
15398,80.97170258,0.0,0.0281046,0.16419982
15399,81.1359024,0.0,0.0329856,0.16489411
15400,81.30079651,0.0,0.0391302,0.16560364
15401,81.46640015,0.0,0.0450417,0.16629791
15402,81.63269806,0.0,0.0518642,0.16690063
15403,81.79959869,0.0,0.0589551,0.16760254
15404,81.96720123,0.0,0.066848,0.16829682
15405,82.13549805,0.0,0.0767671,0.16899872
15406,82.30449677,0.0,0.0874425,0.16970062
15407,82.47419739,0.0,0.10078,0.17040252
15408,82.64459991,0.0,0.115714,0.17109681
15409,82.81569672,0.0,0.131404,0.17180633
15410,82.98750305,0.0,0.149148,0.17259979
15411,83.16010284,0.0,0.167954,0.17319489
15412,83.33329773,0.0,0.186327,0.1740036
15413,83.50730133,0.0,0.205672,0.17469788
15414,83.68199921,0.0,0.225335,0.17539978
15415,83.85739899,0.0,0.242845,0.17620086
15416,84.03359985,0.0,0.25958899,0.17690277
15417,84.21050262,0.0,0.26947799,0.17769623
15418,84.38819885,0.0,0.28338301,0.17839813
15419,84.56659698,0.0,0.296556,0.17919922
15420,84.7457962,0.0,0.31072,0.17990113
15421,84.92569733,0.0,0.32531399,0.18070221
15422,85.10639954,0.0,0.34153101,0.18140411
15423,85.28780365,0.0,0.35937899,0.18229675
15424,85.4701004,0.0,0.376443,0.18299866
15425,85.65309906,0.0,0.39281699,0.18379974
15426,85.8368988,0.0,0.40865001,0.18460083
15427,86.02149963,0.0,0.420221,0.18540192
15428,86.20690155,0.0,0.42962399,0.18619537
15429,86.39309692,0.0,0.437686,0.18700409
15430,86.58010101,0.0,0.44207799,0.18779755
15431,86.76789856,0.0,0.44365403,0.18859863
15432,86.95649719,0.0,0.44466099,0.18950653
15433,87.14600372,0.0,0.44394699,0.19019318
15434,87.3361969,0.0,0.44148901,0.19120026
15435,87.52739716,0.0,0.43945301,0.19190216
15436,87.71929932,0.0,0.43698499,0.19280243
15437,87.91210175,0.0,0.433433,0.19359588
15438,88.10569763,0.0,0.43101096,0.19450379
15439,88.30020142,0.0,0.428992,0.19539642
15440,88.49559784,0.0,0.425648,0.19620514
15441,88.69180298,0.0,0.42288199,0.19709778
15442,88.88890076,0.0,0.42048299,0.19799804
15443,89.0868988,0.0,0.416628,0.19879914
15444,89.28569794,0.0,0.41242301,0.19979858
15445,89.48549652,0.0,0.409785,0.20059967
15446,89.68609619,0.0,0.406396,0.20150757
15447,89.88760376,0.0,0.40397599,0.20249939
15448,90.09010315,0.0,0.404834,0.20339966
15449,90.29350281,0.0,0.407556,0.20420074
15450,90.49770355,0.0,0.41273299,0.2052002
15451,90.70290375,0.0,0.42129299,0.20619964
15452,90.90910339,0.0,0.429533,0.20709992
15453,91.11620331,0.0,0.43793499,0.20800018
15454,91.32420349,0.0,0.449141,0.20899963
15455,91.53320312,0.0,0.46035099,0.20989991
15456,91.74310303,0.0,0.47035199,0.21089935
15457,91.95400238,0.0,0.48168799,0.2118988
15458,92.16590118,0.0,0.49260899,0.21289826
15459,92.37879944,0.0,0.50215298,0.21379852
15460,92.59259796,0.0,0.512986,0.2148056
15461,92.80740356,0.0,0.52349299,0.21589661
15462,93.02330017,0.0,0.53169203,0.21679688
15463,93.24009705,0.0,0.54063302,0.21780395
15464,93.457901,0.0,0.549775,0.21890259
15465,93.67680359,0.0,0.55576402,0.21989441
15466,93.896698,0.0,0.56106794,0.22090149
15467,94.11759949,0.0,0.56594199,0.22200012
15468,94.33959961,0.0,0.56745201,0.22299957
15469,94.56259918,0.0,0.56815702,0.22409821
15470,94.78669739,0.0,0.570508,0.22520447
15471,95.01190186,0.0,0.57161599,0.22619628
15472,95.23809814,0.0,0.57301903,0.22730256
15473,95.4654007,0.0,0.57577997,0.22840118
15474,95.69380188,0.0,0.57636702,0.22949982
15475,95.9233017,0.0,0.57573903,0.23049926
15476,96.15380096,0.0,0.57861,0.23169709
15477,96.38549805,0.0,0.58024597,0.23290252
15478,96.61840057,0.0,0.57896602,0.23390198
15479,96.85230255,0.0,0.58003801,0.23509979
15480,97.08740234,0.0,0.58121902,0.23619843
15481,97.32360077,0.0,0.58018398,0.23739624
15482,97.56099701,0.0,0.58117199,0.2385025
15483,97.79949951,0.0,0.58252603,0.23970032
15484,98.03919983,0.0,0.581595,0.72620392
15485,98.76540375,0.0,0.57895201,0.2444992
15486,99.00990295,0.0,0.57516903,0.24569703
15487,99.25559998,0.0,0.57110798,0.24690246
15488,99.50250244,0.0,0.56364,0.24810028
15489,99.75060272,0.0,0.55684602,0.24939728
15490,100.0,0.0,0.55362701,0.25099945
15491,100.25099945,0.0,0.54926902,0.2519989
15492,100.50299835,0.0,0.54414701,0.25299835
15493,100.7559967,0.0,0.54043102,0.25400544
15494,101.01000214,0.0,0.53398103,0.2559967
15495,101.26599884,0.0,0.52784401,0.25700378
15496,101.52300262,0.0,0.52594501,0.25799561
15497,101.78099823,0.0,0.524405,0.26000214
15498,102.04100037,0.0,0.520724,0.26100158
15499,102.30200195,0.0,0.51907402,0.26200104
15500,102.56400299,0.0,0.51768798,0.26399994
15501,102.82800293,0.0,0.51460803,0.26499939
15502,103.09300232,0.0,0.51393098,0.26599884
15503,103.35900116,0.0,0.51378298,0.26799774
15504,103.6269989,0.0,0.51080197,0.26900482
15505,103.89600372,0.0,0.50716901,0.2709961
15506,104.16699982,0.0,0.50225598,0.27200317
15507,104.43900299,0.0,0.49441001,0.272995
15508,104.71199799,0.0,0.48783499,0.27500152
15509,104.98699951,0.0,0.482584,0.27600098
15510,105.26300049,1e-08,0.47337201,0.27799988
15511,105.54100037,2e-08,0.46371901,0.27899932
15512,105.81999969,4e-08,0.460195,0.28099823
15513,106.10099792,7e-08,0.455217,0.28200531
15514,106.38300323,1.7e-07,0.450775,0.28399659
15515,106.66699982,3e-07,0.45350099,0.28500366
15516,106.95200348,2.8e-07,0.45592001,0.28699493
15517,107.23899841,1.2e-07,0.45561901,0.28800202
15518,107.52700043,2e-08,0.45914099,0.29000091
15519,107.81700134,1.5e-07,0.45901799,0.29100037
15520,108.10800171,2.8e-07,0.45402899,0.29299927
15521,108.40100098,2.6e-07,0.45519999,0.29499817
15522,108.69599915,3.8e-07,0.45768601,0.29599762
15523,108.99199677,1.19e-06,0.45201299,0.29800415
15524,109.29000092,4.09e-06,0.44977799,0.29899597
15525,109.58899689,9.33e-06,0.450995,0.3010025
15526,109.88999939,1.51e-05,0.44514999,0.3030014
15527,110.19300079,2.143e-05,0.44295299,0.30400086
15528,110.49700165,3.644e-05,0.445748,0.30599975
15529,110.8030014,5.793e-05,0.441609,0.30799866
15530,111.11100006,8.401e-05,0.43860999,0.30999756
15531,111.42099762,0.00012263,0.44206899,0.31100464
15532,111.73200226,0.00018583,0.43767199,0.31299591
15533,112.04499817,0.00025061,0.43332401,0.31500244
15534,112.36000061,0.00032732,0.43609101,0.31600189
15535,112.6760025,0.00042359,0.43265799,0.3180008
15536,112.9940033,0.00056377,0.426907,0.31999969
15537,113.31400299,0.00074472,0.42705801,0.3219986
15538,113.63600159,0.00100742,0.422077,0.32399749
15539,113.95999908,0.00129182,0.413699,0.32600403
15540,114.28600311,0.00148854,0.41208801,0.32699585
15541,114.61299896,0.00164058,0.40917501,0.33000183
15542,114.94300079,0.0019235,0.401063,0.33100129
15543,115.27400208,0.00225064,0.39728701,0.33300018
15544,115.60700226,0.00245514,0.39353999,0.33499908
15545,115.94200134,0.00260314,0.38430601,0.33699799
15546,116.27899933,0.00290209,0.37917399,0.33899689
15547,116.61799622,0.00331417,0.37625599,0.34100341
15548,116.95899963,0.00389644,0.367713,0.34300232
15549,117.30200195,0.00460337,0.361588,0.34500122
15550,117.64700317,0.00520291,0.35832199,0.34700013
15551,117.9940033,0.00591098,0.34884,0.34899902
15552,118.34300232,0.00694402,0.340148,0.35099792
15553,118.69400024,0.00815097,0.33493999,0.35399628
15554,119.04799652,0.00955558,0.32430899,0.35500336
15555,119.40299988,0.0112793,0.31322199,0.35700226
15556,119.76000214,0.0129742,0.30562499,0.36000061
15557,120.12000275,0.0149096,0.29358801,0.36199951
15558,120.48200226,0.0175564,0.27990499,0.36399841
15559,120.84600067,0.0205002,0.26900601,0.36599732
15560,121.21199799,0.0236869,0.25519601,0.36900329
15561,121.58100128,0.0275294,0.239686,0.36999512
15562,121.9509964,0.0317968,0.226569,0.3730011
15563,122.3239975,0.0366715,0.21142399,0.375
15564,122.6989975,0.0427702,0.19412299,0.37800598
15565,123.07700348,0.0496095,0.178874,0.37999725
15566,123.45700073,0.0567781,0.16328,0.38199616
15567,123.83899689,0.065691,0.146036,0.38500213
15568,124.22399902,0.0763843,0.130748,0.38700104
15569,124.61100006,0.0872218,0.116502,0.38899994
15570,125.0,0.0996466,0.101429,0.39199829
15571,125.39199829,0.114529,0.087673,0.39400482
15572,125.78600311,0.129435,0.0752222,0.39699555
15573,126.18299866,0.14643399,0.0630799,0.39900207
15574,126.58200073,0.16654401,0.052714,0.40200043
15575,126.98400116,0.18535601,0.0439155,0.40499878
15576,127.38899994,0.205597,0.0355836,0.40699768
15577,127.79599762,0.23049299,0.0284683,0.40900421
15578,128.20500183,0.25286201,0.0227364,0.41200256
15579,128.61700439,0.27460501,0.0176269,0.41499329
15580,129.03199768,0.301586,0.0135389,0.41799927
15581,129.44999695,0.32426101,0.0107274,0.41999817
15582,129.86999512,0.343256,0.00872007,0.42300415
15583,130.29299927,0.367845,0.00730932,0.42599487
15584,130.71899414,0.38862899,0.00653528,0.42900086
15585,131.147995,0.403465,0.00623437,0.43099975
15586,131.57899475,0.422941,0.00607881,0.43400574
15587,132.01300049,0.437648,0.00608448,0.43699646
15588,132.44999695,0.441607,0.00617388,0.44000244
15589,132.88999939,0.448333,0.00630913,0.44299316
15590,133.33299255,0.45416099,0.00649564,0.44601441
15591,133.77900696,0.450629,0.00655158,0.44898987
15592,134.22799683,0.45038,0.0064134,0.45199585
15593,134.67999268,0.453477,0.00616954,0.45500183
15594,135.13499451,0.45051,0.00583824,0.45800781
15595,135.59300232,0.452333,0.00544316,0.46099853
15596,136.05400085,0.463038,0.00508928,0.46499634
15597,136.51899719,0.46823901,0.00475427,0.46699524
15598,136.98599243,0.47392401,0.00432618,0.4710083
15599,137.45700073,0.48886296,0.00390367,0.47398377
15600,137.9309845,0.49674699,0.00348306,0.47702026
15601,138.40800476,0.49892801,0.00297993,0.48100281
15602,138.88900757,0.50808299,0.00253829,0.48399353
15603,139.3730011,0.510638,0.0022366,0.48699951
15604,139.86000061,0.50747198,0.00192585,0.49099731
15605,140.35099792,0.51413298,0.00159185,0.4940033
15606,140.84500122,0.517551,0.0013164,0.4980011
15607,141.34300232,0.513237,0.00105967,0.50099182
15608,141.84399414,0.51783597,0.00083636,0.50500488
15609,142.34899902,0.52181,0.0006717,0.50799561
15610,142.85699463,0.51714599,0.00053865,0.51200867
15611,143.3690033,0.52002198,0.00043019,0.51599121
15612,143.88499451,0.52456301,0.00035439,0.51901245
15613,144.40400696,0.52024502,0.00028647,0.52398681
15614,144.92799377,0.52157599,0.00021861,0.52700806
15615,145.45500183,0.527749,0.00016899,0.52999878
15616,145.98500061,0.52654999,0.00013475,0.53500366
15617,146.52000427,0.52833998,0.00010513,0.53900147
15618,147.05900574,0.53533798,8.315e-05,0.54199218
15619,147.60099792,0.53471202,6.48e-05,0.54699708
15620,148.147995,0.53520203,4.721e-05,0.55101013
15621,148.69900513,0.54342002,3.549e-05,0.55499267
15622,149.2539978,0.54350102,2.9e-05,0.55900574
15623,149.81300354,0.54052699,2.248e-05,0.56300354
15624,150.37600708,0.54661399,1.724e-05,0.56698608
15625,150.94299316,0.54665405,1.456e-05,0.57200623
15626,151.51499939,0.540914,1.193e-05,0.57600403
15627,152.09100342,0.54505998,9.26e-06,0.58099365
15628,152.67199707,0.54570198,7.79e-06,0.58500671
15629,153.25700378,0.53932905,6.37e-06,0.58898926
15630,153.84599304,0.54325902,4.84e-06,0.5940094
15631,154.44000244,0.546314,4.08e-06,0.59899902
15632,155.03900146,0.54056406,3.3e-06,0.60299683
15633,155.64199829,0.54274702,2.32e-06,0.60800171
15634,156.25,0.54467201,1.9e-06,0.61300659
15635,156.86300659,0.53633797,1.73e-06,0.61698914
15636,157.47999573,0.53563899,1.35e-06,0.6230011
15637,158.10299683,0.53807801,1.1e-06,0.6269989
15638,158.72999573,0.52959198,9.5e-07,0.63301086
15639,159.36300659,0.52424598,7.1e-07,0.63699341
15640,160.0,0.524885,5.7e-07,0.64300537
15641,160.64300537,0.51685399,5.3e-07,0.64698792
15642,161.28999329,0.509749,3.9e-07,0.65299987
15643,161.94299316,0.51086098,3e-07,0.65901184
15644,162.602005,0.50627798,2.8e-07,0.66299439
15645,163.26499939,0.49976504,2.2e-07,0.66900635
15646,163.93400574,0.50155997,1.6e-07,0.67498779
15647,164.60899353,0.49832201,1.6e-07,0.68000793
15648,165.28900146,0.48974499,1.5e-07,0.68600464
15649,165.9750061,0.48923299,1e-07,0.69200135
15650,166.66700745,0.48503301,1e-07,0.69699096
15651,167.36399841,0.47385001,1e-07,0.70300293
15652,168.06700134,0.47147304,7e-08,0.70899964
15653,168.77600098,0.47070104,6e-08,0.71600341
15654,169.49200439,0.46057999,7e-08,0.72099305
15655,170.21299744,0.457268,8e-08,0.727005
15656,170.94000244,0.457957,9e-08,0.73399353
15657,171.67399597,0.45065799,9e-08,0.74000549
15658,172.41400146,0.449159,7e-08,0.7460022
15659,173.16000366,0.45230901,6e-08,0.75299072
15660,173.91299438,0.446053,5e-08,0.75900269
15661,174.67199707,0.442808,4e-08,0.76699829
15662,175.43899536,0.44540599,4e-08,0.77200318
15663,176.21099854,0.44092599,3e-08,0.77999877
15664,176.99099731,0.43827701,3e-08,0.78700257
15665,177.77799988,0.44116399,2e-08,0.79299927
15666,178.57099915,0.435159,2e-08,0.80099487
15667,179.37199402,0.42974699,2e-08,0.80799866
15668,180.17999268,0.43280104,2e-08,0.81500244
15669,180.99499512,0.43252504,2e-08,0.82299804
15670,181.81799316,0.43056101,1e-08,0.83000184
15671,182.647995,0.43665501,1e-08,0.83799743
15672,183.48599243,0.439237,1e-08,0.8460083
15673,184.33200073,0.43325201,1e-08,0.85299683
15674,185.18499756,0.43345299,1e-08,0.86199951
15675,186.04699707,0.43522099,1e-08,0.8690033
15676,186.91600037,0.43282199,1e-08,0.8769989
15677,187.79299927,0.434708,0.0,0.88600158
15678,188.67900085,0.43583199,0.0,0.8939972
15679,189.57299805,0.42870399,0.0,0.90299987
15680,190.47599792,0.424391,0.0,0.91200257
15681,191.38800049,0.42263001,0.0,0.91999817
15682,192.30799866,0.415795,0.0,0.92900085
15683,193.23699951,0.41019899,0.0,0.93800354
15684,194.17500305,0.40483102,0.0,0.94699097
15685,195.12199402,0.38942599,0.0,0.95600891
15686,196.07800293,0.37482399,0.0,0.96600342
15687,197.04400635,0.36730301,0.0,0.97599792
15688,198.02000427,0.35567704,0.0,0.98500061
15689,199.00500488,0.34236601,0.0,0.99499512
15690,200.0,0.33300799,0.0,1.00500488
15691,201.00500488,0.314394,0.0,1.01499939
15692,202.02000427,0.294157,0.0,1.02600098
15693,203.04600525,0.281663,0.0,1.03599548
15694,204.08200073,0.26442,0.0,1.04600525
15695,205.12800598,0.241459,0.0,1.05799866
15696,206.18600464,0.22509301,0.0,1.06799316
15697,207.2539978,0.206788,0.0,1.07899475
15698,208.33299255,0.181573,0.0,1.09100342
15699,209.42399597,0.164831,0.0,1.10200501
15700,210.52600098,0.150374,0.0,1.11399841
15701,211.63999939,0.135176,0.0,1.12600708
15702,212.76600647,0.12154,0.0,1.13800049
15703,213.90400696,0.107791,0.0,1.14999389
15704,215.05400085,0.0935674,0.0,1.16200257
15705,216.21600342,0.0824636,0.0,1.17500305
15706,217.39100647,0.0728849,0.0,1.18798828
15707,218.57899475,0.0633384,0.0,1.20100403
15708,219.77999878,0.05541511,0.0,1.21400452
15709,220.9940033,0.0483053,0.0,1.22799682
15710,222.22200012,0.0416941,0.0,1.2420044
15711,223.46400452,0.0369463,0.0,1.25498962
15712,224.71899414,0.0329053,0.0,1.27000427
15713,225.98899841,0.0283741,0.0,1.28399659
15714,227.272995,0.0246204,0.0,1.29800415
15715,228.57099915,0.0218736,0.0,1.31399536
15716,229.88499451,0.0189894,0.0,1.32901001
15717,231.21400452,0.0162381,0.0,1.34399414
15718,232.55799866,0.014224,0.0,1.36000061
15719,233.91799927,0.0124761,0.0,1.37600708
15720,235.29400635,0.0110169,0.0,1.39199829
15721,236.68600464,0.00981079,0.0,1.40899658
15722,238.09500122,0.00872457,0.0,1.42599487
15723,239.52099609,0.00768624,0.0,1.44300843
15724,240.96400452,0.0069621,0.0,1.45999145
15725,242.42399597,0.00621258,0.0,1.47799683
15726,243.9019928,0.00530756,0.0,1.49700928
15727,245.39900208,0.00483532,0.0,1.51499938
15728,246.91400146,0.00441655,0.0,1.53300477
15729,248.44700623,0.0038256,0.0,1.55299377
15730,250.0,0.00342918,0.0,1.57200623
15731,251.57200623,0.0031164,0.0,1.59298706
15732,253.16499329,0.00277419,0.0,1.61199951
15733,254.7769928,0.00250796,0.0,1.63301086
15734,256.41000366,0.00230413,0.0,1.65499878
15735,258.06500244,0.00206978,0.0,1.67498779
15736,259.73999023,0.00185783,0.0,1.69799805
15737,261.43798828,0.00168116,0.0,1.72000122
15738,263.1579895,0.00145605,0.0,1.74301148
15739,264.90100098,0.00126254,0.0,1.76599121
15740,266.66699219,0.00112912,0.0,1.78900146
15741,268.45599365,0.00097359,0.0,1.81399536
15742,270.26998901,0.00081336,0.0,1.83901978
15743,272.10900879,0.00072127,0.0,1.86398315
15744,273.97299194,0.00063252,0.0,1.88897705
15745,275.86196899,0.00053691,0.0,1.91604615
15746,277.77801514,0.00049024,0.0,1.94198608
15747,279.72000122,0.00046033,0.0,1.97000122
15748,281.69000244,0.00040433,0.0,1.99798584
15749,283.68798828,0.00035774,0.0,2.02600098
15750,285.71398926,0.00032542,0.0,2.05599975
15751,287.76998901,0.0002766,0.0,2.08502198
15752,289.85501099,0.0002229,0.0,2.11599731
15753,291.9710083,0.00019509,0.0,2.14700317
15754,294.11801147,0.00015704,0.0,2.17797852
15755,296.29598999,0.00013147,0.0,2.21099854
15756,298.50698853,0.00014975,0.0,2.24502563
15757,300.75201416,0.00016336,0.0,2.27798462
15758,303.02999878,0.00016067,0.0,2.31399536
15759,305.34399414,0.00016665,0.0,2.34799194
15760,307.69198608,0.00015507,0.0,2.38601685
15761,310.07800293,0.00013104,0.0,2.42199707
15762,312.5,0.00012973,0.0,2.46099854
15763,314.96099854,0.00012624,0.0,2.49899292
15764,317.45999146,0.00011063,0.0,2.54000854
15765,320.0,0.00010814,0.0,2.58099365
15766,322.58099365,9.924e-05,0.0,2.62200928
15767,325.20300293,7.561e-05,0.0,2.66598511
15768,327.86898804,6.44e-05,0.0,2.71002197
15769,330.57901001,5.624e-05,0.0,2.75396728
15770,333.33297729,3.998e-05,0.0,2.8010254
15771,336.13400269,3.856e-05,0.0,2.84899902
15772,338.98300171,4.767e-05,1e-08,2.89700317
15773,341.88000488,4.666e-05,1e-08,2.94799805
15774,344.82800293,5.206e-05,0.0,2.99798584
15775,347.82598877,7.109e-05,0.0,3.05102539
15776,350.87701416,8.968e-05,0.0,3.10498047
15777,353.98199463,0.00010869,0.0,3.16101074
15778,357.14300537,0.00012698,0.0,3.21697998
15779,360.35998535,0.00011843,0.0,3.27600098
15780,363.63598633,9.183e-05,0.0,3.33599853
15781,366.97198486,7.429e-05,0.0,3.39801026
15782,370.36999512,4.79e-05,0.0,3.46200561
15783,373.83200073,1.338e-05,0.0,3.52600098
15784,377.35800171,2.05e-06,0.0,3.59399414
15785,380.95199585,1.9e-06,0.0,3.66299438
15786,384.61499023,1.83e-06,0.0,3.73501587
15787,388.3500061,1.86e-06,0.0,3.80700684
15788,392.15701294,1.854e-05,0.0,3.8829956
15789,396.04000854,3.2e-05,0.0,3.95999146
15790,400.0,5.233e-05,0.0,4.04000854
15791,404.04000854,7.513e-05,0.0,4.12298584
15792,408.16299438,7.992e-05,0.0,4.20800782
15793,412.3710022,8.358e-05,0.0,4.29602051
15794,416.66702271,8.986e-05,0.0,4.38598632
15795,421.05300903,7.551e-05,0.0,4.47900391
15796,425.53201294,6.299e-05,0.0,4.57598877
15797,430.10800171,6.166e-05,0.0,4.67498779
15798,434.7829895,4.208e-05,0.0,4.77700806
15799,439.55999756,2.318e-05,0.0,4.88400268
15800,444.44400024,2.425e-05,0.0,4.99398804
15801,449.43798828,2.111e-05,0.0,5.10702515
15802,454.54501343,2.848e-05,0.0,5.22497558
15803,459.76998901,7.049e-05,0.0,5.3460083
15804,465.11599731,0.00010257,0.0,5.47201539
15805,470.5880127,0.00011404,0.0,5.60198974
15806,476.19000244,0.000157,0.0,5.73800659
15807,481.92800903,0.00018081,0.0,5.87698365
15808,487.80499268,0.00018421,0.0,6.02200317
15809,493.82699585,0.00024523,0.0,6.17300415
15810,500.0,0.00028281,0.0,6.17300415
