,Wavelength,SPIRE_500,SPIRE_350,SPIRE_250,dlambda
0,166.671,1.12827e-11,4.85009e-07,0.000167652,0.278
1,166.949,-6.8155e-11,4.09394e-07,0.000130576,0.279
2,167.228,-4.5338e-11,3.65257e-07,9.3289e-05,0.252
3,167.48,-7.31973e-11,3.05637e-07,5.40014e-05,0.281
4,167.761,8.29041e-11,3.1539e-07,8.39994e-06,0.282
5,168.043,2.35465e-10,4.08507e-07,-3.74828e-05,0.283
6,168.326,4.54524e-11,3.88069e-07,-6.01829e-05,0.255
7,168.581,4.97124e-11,4.88721e-07,-6.99596e-05,0.285
8,168.866,-3.35843e-11,3.9772e-07,-7.53956e-05,0.286
9,169.152,-2.86114e-12,5.40921e-07,-1.98116e-05,0.286
10,169.438,-1.77152e-11,6.94852e-07,3.61085e-05,0.288
11,169.726,1.42561e-11,7.33966e-07,9.34957e-05,0.26
12,169.986,-1.77646e-11,5.30815e-07,0.000152443,0.289
13,170.275,-1.48585e-11,6.863e-07,0.000211706,0.29
14,170.565,5.29767e-11,5.3979e-07,0.000215766,0.292
15,170.857,4.00293e-11,6.21735e-07,0.000214717,0.292
16,171.149,4.38792e-11,5.49158e-07,0.000219491,0.264
17,171.413,6.15434e-11,5.69319e-07,0.00023544,0.295
18,171.708,2.85376e-11,4.33302e-07,0.000251545,0.295
19,172.003,4.09758e-12,4.62366e-07,0.000307726,0.296
20,172.299,1.24121e-10,4.07067e-07,0.00037661,0.268
21,172.567,6.43471e-11,4.53525e-07,0.000420365,0.298
22,172.865,4.42516e-11,4.31347e-07,0.000354841,0.3
23,173.165,6.5897e-11,3.83642e-07,0.000288877,0.3
24,173.465,1.17863e-10,3.52937e-07,0.00021586,0.301
25,173.766,8.12788e-11,4.35177e-07,0.000138153,0.272
26,174.038,1.18493e-10,3.78707e-07,6.27777e-05,0.304
27,174.342,1.04936e-10,4.37324e-07,5.97127e-05,0.304
28,174.646,1.25521e-11,4.13778e-07,5.66836e-05,0.306
29,174.952,7.53956e-11,5.44835e-07,6.98798e-05,0.307
30,175.259,1.05303e-10,6.32238e-07,0.00010218,0.276
31,175.535,6.64595e-11,6.94577e-07,0.000134633,0.309
32,175.844,1.24128e-10,4.41577e-07,0.000113373,0.31
33,176.154,1.50401e-10,7.28933e-07,8.5036e-05,0.311
34,176.465,2.09399e-10,5.92202e-07,5.97371e-05,0.28
35,176.745,2.78247e-10,4.61396e-07,4.12913e-05,0.313
36,177.058,4.18627e-10,5.60742e-07,2.278e-05,0.314
37,177.372,5.1692e-10,5.13938e-07,0.00011243,0.315
38,177.687,6.55079e-10,4.19784e-07,0.00024177,0.317
39,178.004,8.44351e-10,3.91274e-07,0.000356231,0.285
40,178.289,8.36607e-10,4.66998e-07,0.000389062,0.319
41,178.608,9.4515e-10,3.58482e-07,0.000422144,0.319
42,178.927,1.26229e-09,1.16182e-07,0.000328685,0.321
43,179.248,1.74169e-09,2.73724e-07,0.000144054,0.322
44,179.57,2.25522e-09,3.42155e-07,-4.00719e-05,0.291
45,179.861,2.82943e-09,4.65955e-07,-4.03365e-05,0.324
46,180.185,2.79753e-09,6.07759e-07,-4.06149e-05,0.325
47,180.51,2.25233e-09,5.05804e-07,6.92693e-05,0.326
48,180.836,1.54368e-09,6.30051e-07,0.00032452,0.295
49,181.131,1.03363e-09,5.8611e-07,0.000581107,0.329
50,181.46,8.51523e-10,6.53389e-07,0.000649021,0.33
51,181.79,7.4761e-10,5.15199e-07,0.000685936,0.331
52,182.121,8.34888e-10,7.77663e-07,0.000667635,0.332
53,182.453,8.4829e-10,8.57721e-07,0.000506846,0.3
54,182.753,8.64395e-10,9.03193e-07,0.000345183,0.335
55,183.088,8.07819e-10,8.94373e-07,0.000335128,0.336
56,183.424,7.80523e-10,1.07786e-06,0.000388747,0.337
57,183.761,6.11159e-10,8.34084e-07,0.000449337,0.338
58,184.099,6.3704e-10,5.74013e-07,0.00055441,0.305
59,184.404,4.98301e-10,5.58475e-07,0.000659874,0.341
60,184.745,6.08638e-10,4.48521e-07,0.000776159,0.342
61,185.087,6.80896e-10,4.66523e-07,0.000900372,0.343
62,185.43,7.07677e-10,8.17122e-07,0.00102597,0.31
63,185.74,5.66488e-10,9.70324e-07,0.00120811,0.346
64,186.086,4.7158e-10,8.78413e-07,0.00139294,0.347
65,186.433,2.88593e-10,5.10005e-07,0.00148298,0.348
66,186.781,1.89007e-10,2.64031e-07,0.00143104,0.349
67,187.13,1.48865e-10,5.23258e-07,0.00137875,0.316
68,187.446,1.91473e-10,5.79068e-07,0.00130426,0.352
69,187.798,1.29179e-10,4.43844e-07,0.00122419,0.353
70,188.151,5.44494e-11,3.20562e-07,0.0011911,0.355
71,188.506,5.24528e-11,3.23511e-07,0.00129764,0.356
72,188.862,3.82335e-11,3.31803e-07,0.00140424,0.322
73,189.184,2.69809e-11,4.18854e-07,0.00150045,0.358
74,189.542,7.0957e-11,6.46171e-07,0.00159148,0.36
75,189.902,5.79943e-11,-1.36725e-07,0.00167119,0.362
76,190.264,4.33415e-11,2.59823e-07,0.00164077,0.326
77,190.59,2.95737e-11,3.95338e-07,0.00160962,0.364
78,190.954,2.17072e-11,8.48935e-07,0.00154653,0.365
79,191.319,9.05295e-11,6.55428e-07,0.0014532,0.367
80,191.686,7.54815e-11,5.78873e-07,0.00135926,0.368
81,192.054,1.29556e-11,3.46331e-07,0.00150167,0.333
82,192.387,3.80544e-11,6.06699e-07,0.00165792,0.37
83,192.757,3.56471e-11,9.65993e-07,0.00184717,0.373
84,193.13,5.06495e-11,1.05797e-06,0.00209183,0.373
85,193.503,1.03703e-10,8.63546e-07,0.00233744,0.338
86,193.841,4.13208e-11,8.47432e-07,0.00249232,0.376
87,194.217,4.34009e-11,1.22795e-06,0.00262555,0.378
88,194.595,5.39985e-11,1.4344e-06,0.00278055,0.38
89,194.975,8.44735e-11,1.02712e-06,0.00301259,0.381
90,195.356,1.0226e-10,1.28029e-06,0.0032455,0.344
91,195.7,8.68959e-11,8.3226e-07,0.00361134,0.383
92,196.083,7.24613e-11,8.53335e-07,0.00405216,0.386
93,196.469,4.00298e-11,8.2846e-07,0.00448396,0.386
94,196.855,1.99958e-10,1.52111e-06,0.00475476,0.389
95,197.244,5.16539e-11,8.03469e-07,0.00502803,0.35
96,197.594,1.25264e-10,1.59061e-06,0.00537374,0.392
97,197.986,8.68273e-11,1.43121e-06,0.00579811,0.392
98,198.378,9.07555e-11,1.49356e-06,0.00622464,0.395
99,198.773,6.58843e-11,1.56511e-06,0.00692084,0.356
100,199.129,3.23213e-10,1.67339e-06,0.00764836,0.397
101,199.526,2.25716e-10,5.48919e-06,0.00844448,0.399
102,199.925,-4.4539e-11,3.89062e-06,0.00936908,0.401
103,200.326,1.41401e-10,3.03132e-07,0.0103068,0.402
104,200.728,2.13621e-10,7.62069e-07,0.0116365,0.363
105,201.091,2.39575e-10,3.76477e-07,0.0130882,0.405
106,201.496,-1.54733e-12,3.39827e-07,0.0146854,0.407
107,201.903,3.18704e-11,5.09057e-07,0.0168291,0.408
108,202.311,3.61897e-10,7.21119e-07,0.0189944,0.41
109,202.721,-2.014e-10,3.20031e-07,0.0214686,0.371
110,203.092,1.91195e-10,5.91468e-07,0.0241342,0.413
111,203.505,1.55608e-09,9.30451e-07,0.026889,0.415
112,203.92,4.78913e-10,7.44468e-07,0.0311481,0.417
113,204.337,-2.8791e-10,1.53697e-06,0.0354367,0.376
114,204.713,-1.51637e-09,2.77819e-06,0.0403534,0.42
115,205.133,4.21316e-09,6.45561e-07,0.0460026,0.422
116,205.555,-2.33902e-09,1.28754e-06,0.0516982,0.423
117,205.978,7.27195e-10,9.53815e-07,0.0596565,0.426
118,206.404,-2.31546e-10,1.03295e-06,0.0679305,0.384
119,206.788,1.30518e-09,1.34035e-06,0.0776405,0.428
120,207.216,-1.427e-10,7.80626e-07,0.0903427,0.43
121,207.646,-2.06421e-10,1.09089e-06,0.103134,0.432
122,208.078,2.67416e-10,1.14267e-06,0.116894,0.434
123,208.512,1.62805e-10,1.29473e-06,0.131119,0.392
124,208.904,-1.7859e-11,1.21902e-06,0.145097,0.438
125,209.342,1.02064e-10,1.76054e-06,0.158038,0.439
126,209.781,1.7934e-10,1.31402e-06,0.171145,0.441
127,210.222,3.41578e-11,6.43173e-07,0.186057,0.398
128,210.62,-3.68438e-11,1.1703e-06,0.2022,0.445
129,211.065,2.19502e-11,8.38024e-07,0.218599,0.446
130,211.511,6.62034e-11,1.53129e-06,0.239028,0.449
131,211.96,2.79903e-11,2.22954e-07,0.259604,0.45
132,212.41,-1.60546e-11,8.98035e-07,0.277902,0.407
133,212.817,-6.05793e-11,1.02716e-06,0.293105,0.453
134,213.27,-7.01962e-11,1.50001e-06,0.308442,0.456
135,213.726,-3.91869e-11,6.28647e-07,0.314083,0.458
136,214.184,-4.91739e-11,8.59187e-07,0.318149,0.46
137,214.644,-3.22294e-11,1.20159e-06,0.322552,0.415
138,215.059,-1.7352e-11,1.54637e-06,0.327717,0.464
139,215.523,1.9415e-12,8.32813e-07,0.332959,0.465
140,215.988,-1.15819e-11,8.16506e-07,0.338784,0.468
141,216.456,-3.04768e-11,7.1746e-07,0.344884,0.422
142,216.878,-3.65727e-11,1.41796e-06,0.350663,0.472
143,217.35,-3.73145e-11,1.0059e-06,0.355192,0.473
144,217.823,4.59758e-11,7.10445e-07,0.359752,0.475
145,218.298,4.32135e-11,1.94742e-06,0.362756,0.478
146,218.776,-1.15918e-11,1.63122e-06,0.364584,0.432
147,219.208,6.14152e-11,2.18105e-06,0.366207,0.481
148,219.689,1.14123e-11,2.80084e-06,0.373597,0.484
149,220.173,4.44414e-11,1.98548e-06,0.381039,0.486
150,220.659,-8.67022e-12,1.74781e-06,0.385867,0.439
151,221.098,-1.91201e-11,1.59388e-06,0.386524,0.49
152,221.588,-5.32015e-12,1.32681e-06,0.387329,0.492
153,222.08,-3.01238e-11,1.63086e-06,0.386094,0.494
154,222.574,-6.34314e-12,1.85197e-06,0.384437,0.497
155,223.071,-6.9555e-11,1.44888e-06,0.383342,0.448
156,223.519,3.42477e-11,2.37486e-06,0.384158,0.501
157,224.02,2.1148e-12,2.89863e-06,0.385041,0.503
158,224.523,1.17835e-11,2.48422e-06,0.395425,0.505
159,225.028,6.72501e-12,2.1747e-06,0.410402,0.508
160,225.536,1.31684e-11,3.95156e-06,0.424735,0.458
161,225.994,1.38672e-11,3.55639e-06,0.433196,0.512
162,226.506,5.44699e-11,3.22507e-06,0.441968,0.514
163,227.02,2.47302e-11,4.31494e-06,0.444099,0.517
164,227.537,-4.03363e-12,2.14586e-06,0.44045,0.467
165,228.004,-1.68909e-12,2.5515e-06,0.436601,0.521
166,228.525,-1.87505e-13,1.45585e-06,0.436582,0.523
167,229.048,-5.46114e-11,2.28202e-06,0.436818,0.526
168,229.574,-3.22185e-11,2.21183e-06,0.442763,0.528
169,230.102,-2.2537e-11,2.43273e-06,0.458306,0.478
170,230.58,1.79516e-11,2.86633e-06,0.473781,0.533
171,231.113,2.64166e-10,2.12598e-06,0.485007,0.535
172,231.648,1.94153e-10,2.03569e-06,0.495175,0.538
173,232.186,1.42777e-11,1.79287e-06,0.504099,0.54
174,232.726,-1.19961e-10,6.61122e-07,0.508308,0.489
175,233.215,-3.09587e-11,5.17547e-07,0.512345,0.545
176,233.76,1.75041e-10,6.83744e-08,0.515096,0.548
177,234.308,1.86959e-10,-1.49729e-06,0.51706,0.55
178,234.858,2.48651e-11,1.14091e-06,0.519395,0.497
179,235.355,3.43877e-11,2.36389e-06,0.525599,0.556
180,235.911,-4.55416e-11,2.27621e-06,0.532148,0.557
181,236.468,6.75372e-11,2.35109e-06,0.534107,0.561
182,237.029,2.24092e-11,3.85146e-06,0.53142,0.563
183,237.592,-1.4918e-11,4.80389e-06,0.528799,0.509
184,238.101,-5.14755e-11,3.71853e-06,0.530543,0.568
185,238.669,2.7182e-11,4.42318e-06,0.532975,0.571
186,239.24,-2.12492e-11,3.95255e-06,0.538856,0.574
187,239.814,4.77764e-11,5.53207e-06,0.55149,0.577
188,240.391,-2.17198e-12,4.53932e-06,0.56413,0.521
189,240.912,-1.36614e-11,6.55561e-06,0.575413,0.582
190,241.494,2.77137e-12,6.09298e-06,0.58664,0.584
191,242.078,2.64291e-11,5.57306e-06,0.593979,0.588
192,242.666,-2.92535e-13,4.34701e-06,0.585119,0.531
193,243.197,-1.04346e-11,4.08585e-06,0.575943,0.593
194,243.79,-1.51638e-10,4.97776e-06,0.568271,0.595
195,244.385,-1.15964e-10,4.55644e-06,0.561398,0.599
196,244.984,1.64709e-11,6.86506e-06,0.555236,0.602
197,245.586,-3.91769e-12,5.38523e-06,0.564153,0.544
198,246.13,1.87121e-10,4.6465e-06,0.572901,0.607
199,246.737,-1.22954e-10,4.22501e-06,0.584792,0.61
200,247.347,-4.80283e-11,7.78723e-06,0.599921,0.614
201,247.961,-1.19743e-10,8.03158e-06,0.615174,0.616
202,248.577,-1.20981e-10,5.79624e-06,0.615102,0.557
203,249.134,-8.11144e-11,7.06394e-06,0.612975,0.623
204,249.757,-7.40844e-11,8.05747e-06,0.609789,0.625
205,250.382,3.72463e-11,7.02798e-06,0.603765,0.628
206,251.01,1.59074e-10,5.77369e-06,0.597684,0.569
207,251.579,-1.89147e-10,6.80566e-06,0.601401,0.634
208,252.213,3.41176e-11,8.55933e-06,0.608956,0.638
209,252.851,1.84846e-10,6.99661e-06,0.616469,0.641
210,253.492,1.48332e-10,1.22622e-05,0.62435,0.644
211,254.136,2.31071e-10,1.62791e-05,0.632294,0.583
212,254.719,1.0485e-10,1.79156e-05,0.637547,0.65
213,255.369,6.34067e-11,2.20369e-05,0.641562,0.654
214,256.023,3.41971e-10,2.33318e-05,0.64571,0.657
215,256.68,2.80115e-10,2.44962e-05,0.655746,0.66
216,257.34,-2.05655e-10,3.34666e-05,0.665866,0.598
217,257.938,1.6372e-10,4.10388e-05,0.675878,0.667
218,258.605,7.7167e-11,4.38139e-05,0.686372,0.67
219,259.275,1.37038e-11,4.60247e-05,0.696953,0.674
220,259.949,1.23205e-10,5.4913e-05,0.693838,0.61
221,260.559,6.15843e-11,6.07936e-05,0.688238,0.681
222,261.24,-4.75959e-10,7.38362e-05,0.681814,0.684
223,261.924,2.33676e-10,8.92549e-05,0.672513,0.688
224,262.612,-1.99951e-10,0.00010567,0.663123,0.691
225,263.303,-1.80947e-10,0.000126546,0.670572,0.626
226,263.929,8.43758e-11,0.000157197,0.684467,0.698
227,264.627,-1.70766e-11,0.000188864,0.700326,0.702
228,265.329,2.10258e-10,0.000238864,0.7296,0.706
229,266.035,1.7416e-10,0.00029427,0.752909,0.638
230,266.673,5.81188e-12,0.000361985,0.761676,0.713
231,267.386,5.28624e-10,0.000450254,0.756621,0.717
232,268.103,4.95332e-10,0.000570279,0.741715,0.721
233,268.824,-9.52018e-11,0.000706212,0.718408,0.725
234,269.549,2.01876e-10,0.000879437,0.701132,0.655
235,270.204,3.09564e-10,0.00108339,0.696843,0.732
236,270.936,9.8206e-11,0.00127151,0.692259,0.736
237,271.672,3.84288e-10,0.00147046,0.708244,0.74
238,272.412,-1.83312e-11,0.00169867,0.724025,0.744
239,273.156,-7.28139e-10,0.00194212,0.731575,0.673
240,273.829,-1.1099e-09,0.00222303,0.742464,0.752
241,274.581,2.57312e-10,0.00259352,0.744995,0.756
242,275.337,-1.19611e-09,0.00298342,0.73894,0.761
243,276.098,-7.57915e-10,0.00338297,0.725838,0.687
244,276.785,-1.30197e-10,0.003865,0.716787,0.768
245,277.553,-5.65453e-10,0.00442395,0.714797,0.773
246,278.326,1.13072e-10,0.00495157,0.716982,0.777
247,279.103,-9.18597e-10,0.00549233,0.705917,0.781
248,279.884,1.71542e-10,0.00610385,0.698132,0.707
249,280.591,2.63812e-10,0.00685667,0.686773,0.789
250,281.38,5.88178e-10,0.00745949,0.667076,0.794
251,282.174,-5.62643e-10,0.00836895,0.640917,0.799
252,282.973,-2.31346e-10,0.00949611,0.624376,0.803
253,283.776,1.84512e-10,0.0104381,0.582985,0.726
254,284.502,-3.63194e-10,0.0125155,0.578798,0.812
255,285.314,1.8899e-10,0.0163209,0.62029,0.816
256,286.13,1.34621e-10,0.0181824,0.568841,0.821
257,286.951,2.08501e-09,0.0234865,0.576801,0.743
258,287.694,3.2048e-09,0.0284197,0.550902,0.83
259,288.524,5.23077e-09,0.035033,0.51061,0.835
260,289.359,8.06631e-09,0.0419788,0.454913,0.84
261,290.199,5.55612e-09,0.0501201,0.400852,0.844
262,291.043,1.4256e-08,0.0584513,0.338741,0.765
263,291.808,-5.85279e-09,0.0690191,0.285887,0.854
264,292.662,-3.33283e-08,0.0846931,0.238946,0.859
265,293.521,-7.77933e-10,0.106692,0.194949,0.864
266,294.385,-4.87628e-10,0.134424,0.112433,0.869
267,295.254,-7.28991e-11,0.167601,0.0510056,0.787
268,296.041,-1.0929e-08,0.202966,0.028111,0.879
269,296.92,-1.00071e-08,0.238091,0.0169598,0.884
270,297.804,-3.73468e-09,0.263387,0.0105802,0.889
271,298.693,4.60669e-08,0.280994,0.00686109,0.805
272,299.498,3.02984e-08,0.295864,0.00560785,0.9
273,300.398,5.12672e-08,0.310795,0.00472785,0.905
274,301.303,-5.13187e-08,0.322311,0.0043016,0.911
275,302.214,-2.52092e-08,0.330435,0.00409594,0.916
276,303.13,8.00367e-09,0.342791,0.0039339,0.829
277,303.959,8.20398e-08,0.346432,0.00375426,0.927
278,304.886,-4.26991e-08,0.345224,0.00357755,0.932
279,305.818,6.3645e-08,0.344954,0.00330741,0.938
280,306.756,-1.32531e-08,0.347234,0.00300608,0.944
281,307.7,-1.32217e-08,0.353471,0.00271864,0.855
282,308.555,-3.79334e-08,0.350056,0.00237969,0.954
283,309.509,2.17879e-07,0.364882,0.00213201,0.961
284,310.47,1.19168e-07,0.378148,0.00190481,0.967
285,311.437,7.03412e-08,0.386466,0.00169697,0.876
286,312.313,6.25899e-09,0.390045,0.00149925,0.978
287,313.291,-1.51053e-09,0.398751,0.00130237,0.985
288,314.276,5.15891e-08,0.406463,0.00109996,0.99
289,315.266,-5.63402e-08,0.402533,0.000924298,0.997
290,316.263,1.72317e-07,0.401164,0.00077253,0.903
291,317.166,1.78828e-07,0.399053,0.000640208,1.009
292,318.175,1.71263e-07,0.390924,0.000540162,1.016
293,319.191,1.49672e-08,0.390995,0.000474471,1.022
294,320.213,1.22219e-07,0.39751,0.000419938,0.925
295,321.138,1.6946e-07,0.421063,0.000386951,1.035
296,322.173,3.81138e-07,0.446651,0.000360292,1.041
297,323.214,3.54276e-07,0.476358,0.000338597,1.048
298,324.262,1.88221e-07,0.487067,0.000311056,1.055
299,325.317,6.34248e-07,0.496916,0.000283988,0.955
300,326.272,3.53072e-07,0.482537,0.000254587,1.068
301,327.34,1.09261e-06,0.480049,0.000231337,1.075
302,328.415,3.80221e-07,0.468552,0.000207825,1.083
303,329.498,9.32137e-07,0.464502,0.000186284,1.089
304,330.587,1.03637e-06,0.472923,0.000172861,0.986
305,331.573,1.68183e-06,0.486909,0.00016047,1.103
306,332.676,1.87994e-06,0.49462,0.000150212,1.111
307,333.787,2.89379e-06,0.51219,0.00014255,1.118
308,334.905,3.15264e-06,0.520955,0.000134797,1.012
309,335.917,3.12818e-06,0.526153,0.000125726,1.132
310,337.049,4.14197e-06,0.529359,0.000116393,1.14
311,338.189,4.21417e-06,0.530802,0.000106349,1.148
312,339.337,7.11937e-06,0.526467,9.78693e-05,1.155
313,340.492,8.40958e-06,0.528659,9.17918e-05,1.047
314,341.539,6.042e-06,0.532192,8.61703e-05,1.17
315,342.709,8.43974e-06,0.538963,8.22966e-05,1.179
316,343.888,1.61421e-05,0.557354,7.92704e-05,1.186
317,345.074,1.82332e-05,0.564532,7.53946e-05,1.195
318,346.269,2.25764e-05,0.557549,6.96104e-05,1.083
319,347.352,3.63112e-05,0.54245,6.31593e-05,1.21
320,348.562,4.77473e-05,0.543186,5.6936e-05,1.219
321,349.781,6.10132e-05,0.533633,5.10094e-05,1.228
322,351.009,9.33817e-05,0.540238,4.64712e-05,1.113
323,352.122,0.000146173,0.566288,4.45379e-05,1.244
324,353.366,0.000196826,0.600999,4.36172e-05,1.253
325,354.619,0.00021965,0.636019,4.32101e-05,1.262
326,355.881,0.000269957,0.643986,4.16491e-05,1.271
327,357.152,0.000338143,0.6538,3.98668e-05,1.151
328,358.303,0.000328081,0.645629,3.60107e-05,1.289
329,359.592,0.000277329,0.616494,3.14262e-05,1.298
330,360.89,0.000296555,0.603742,2.79795e-05,1.307
331,362.197,0.000343586,0.60121,2.57105e-05,1.316
332,363.513,0.000394858,0.60397,2.35642e-05,1.193
333,364.706,0.000461399,0.619463,2.31638e-05,1.335
334,366.041,0.000432553,0.628071,2.27154e-05,1.345
335,367.386,0.000432001,0.652522,2.27227e-05,1.355
336,368.741,0.000432746,0.660333,2.24781e-05,1.228
337,369.969,0.000486677,0.672207,2.21966e-05,1.373
338,371.342,0.000476848,0.684971,2.06323e-05,1.385
339,372.727,0.000525815,0.700001,1.88801e-05,1.394
340,374.121,0.000568374,0.695163,1.69783e-05,1.405
341,375.526,0.000693957,0.68811,1.51796e-05,1.273
342,376.799,0.000965648,0.685393,1.34635e-05,1.425
343,378.224,0.00113115,0.686839,1.26526e-05,1.436
344,379.66,0.00137454,0.689096,1.22075e-05,1.447
345,381.107,0.00159838,0.690677,1.13447e-05,1.458
346,382.565,0.00210678,0.695291,9.97371e-06,1.322
347,383.887,0.0025952,0.713421,8.65366e-06,1.479
348,385.366,0.003198,0.702554,7.92161e-06,1.491
349,386.857,0.00409122,0.690346,7.50744e-06,1.502
350,388.359,0.00520055,0.676651,7.65646e-06,1.362
351,389.721,0.0065665,0.673247,8.55938e-06,1.525
352,391.246,0.0086401,0.667821,9.74268e-06,1.537
353,392.783,0.0116834,0.674112,1.08231e-05,1.549
354,394.332,0.0154754,0.658061,1.15446e-05,1.561
355,395.893,0.0201252,0.640055,1.21773e-05,1.415
356,397.308,0.0260182,0.591725,1.25789e-05,1.585
357,398.893,0.0339321,0.553154,1.30117e-05,1.598
358,400.491,0.0435032,0.486634,1.30292e-05,1.61
359,402.101,0.0555659,0.432106,1.3134e-05,1.623
360,403.724,0.0720898,0.370573,1.33892e-05,1.473
361,405.197,0.0919133,0.329391,1.44541e-05,1.648
362,406.845,0.117695,0.276135,1.606e-05,1.662
363,408.507,0.155181,0.24177,1.80243e-05,1.676
364,410.183,0.201115,0.212682,1.99995e-05,1.519
365,411.702,0.254129,0.184372,2.18676e-05,1.702
366,413.404,0.298692,0.153287,2.27246e-05,1.716
367,415.12,0.336954,0.127813,2.2987e-05,1.731
368,416.851,0.372671,0.0628322,2.33028e-05,1.745
369,418.596,0.386563,0.029593,2.30437e-05,1.583
370,420.179,0.39731,0.0175045,2.2873e-05,1.773
371,421.952,0.410656,0.0115881,2.2918e-05,1.787
372,423.739,0.425393,0.00824895,2.30048e-05,1.804
373,425.543,0.436229,0.00591647,2.29146e-05,1.636
374,427.179,0.449568,0.00451691,2.28582e-05,1.832
375,429.011,0.458787,0.00359299,2.26846e-05,1.849
376,430.86,0.471625,0.00282913,2.26214e-05,1.864
377,432.724,0.473535,0.00220884,2.22646e-05,1.881
378,434.605,0.481767,0.00179748,2.20965e-05,1.706
379,436.311,0.471978,0.00146331,2.12133e-05,1.912
380,438.223,0.473342,0.00122276,2.08004e-05,1.929
381,440.152,0.483813,0.00108015,2.06397e-05,1.946
382,442.098,0.49581,0.000980133,2.05157e-05,1.963
383,444.061,0.50054,0.000866742,1.97998e-05,1.782
384,445.843,0.498034,0.000755563,1.88762e-05,1.996
385,447.839,0.502163,0.000662034,1.81554e-05,2.015
386,449.854,0.480023,0.000560773,1.66195e-05,2.033
387,451.887,0.475802,0.000492058,1.54944e-05,1.845
388,453.732,0.476312,0.000440288,1.43791e-05,2.068
389,455.8,0.472746,0.000415346,1.33581e-05,2.087
390,457.887,0.472471,0.000404374,1.22872e-05,2.106
391,459.993,0.490924,0.000399903,1.18365e-05,2.126
392,462.119,0.508694,0.000385407,1.1563e-05,1.93
393,464.049,0.514337,0.000364403,1.11244e-05,2.163
394,466.212,0.535289,0.000349387,1.07627e-05,2.184
395,468.396,0.528998,0.000322962,9.98201e-06,2.204
396,470.6,0.524847,0.000295774,9.15633e-06,2.225
397,472.825,0.508794,0.000261136,8.22254e-06,2.021
398,474.846,0.506634,0.0,7.30027e-06,2.265
399,477.111,0.48868,0.0,6.47451e-06,2.287
400,479.398,0.488107,0.0,6.01316e-06,2.31
401,481.708,0.481035,0.0,5.48002e-06,2.097
402,483.805,0.49765,0.0,5.34246e-06,2.352
403,486.157,0.515213,0.0,5.16056e-06,2.375
404,488.532,0.527766,0.0,4.99735e-06,2.398
405,490.93,0.533051,0.0,4.6738e-06,2.422
406,493.352,0.527167,0.0,4.22079e-06,2.201
407,495.553,0.529102,0.0,3.67364e-06,2.467
408,498.02,0.527928,0.0,3.05839e-06,2.493
409,500.513,0.533129,0.0,2.56729e-06,2.518
410,503.031,0.535473,0.0,2.21409e-06,2.543
411,505.574,0.531421,0.0,1.89942e-06,2.311
412,507.885,0.522515,0.0,1.703e-06,2.592
413,510.477,0.535345,0.0,1.64477e-06,2.62
414,513.097,0.549009,0.0,1.60686e-06,2.646
415,515.743,0.538968,0.0,1.72474e-06,2.405
416,518.148,0.549516,0.0,1.91345e-06,2.698
417,520.846,0.555999,0.0,2.12162e-06,2.727
418,523.573,0.541923,0.0,2.34504e-06,2.756
419,526.329,0.548854,0.0,2.54864e-06,2.785
420,529.114,0.569544,0.0,2.62097e-06,2.531
421,531.645,0.603265,0.0,2.69822e-06,2.842
422,534.487,0.600132,0.0,2.79848e-06,2.872
423,537.359,0.611615,0.0,3.0257e-06,2.903
424,540.262,0.623403,0.0,3.2774e-06,2.935
425,543.197,0.615125,0.0,3.68214e-06,2.668
426,545.865,0.618413,0.0,4.14519e-06,2.996
427,548.861,0.60158,0.0,4.31338e-06,3.029
428,551.89,0.598955,0.0,4.4769e-06,3.063
429,554.953,0.617034,0.0,4.75973e-06,2.786
430,557.739,0.603523,0.0,4.79259e-06,3.128
431,560.867,0.62801,0.0,4.99636e-06,3.163
432,564.03,0.679701,0.0,5.32748e-06,3.199
433,567.229,0.69457,0.0,5.25012e-06,3.236
434,570.465,0.710203,0.0,5.05315e-06,2.944
435,573.409,0.710386,0.0,4.80639e-06,3.307
436,576.716,0.699648,0.0,4.48503e-06,3.345
437,580.061,0.687381,0.0,4.32024e-06,3.384
438,583.445,0.703833,0.0,4.44343e-06,3.08
439,586.525,0.702946,0.0,4.50042e-06,3.46
440,589.985,0.740086,0.0,4.78671e-06,3.502
441,593.487,0.776073,0.0,5.12642e-06,3.543
442,597.03,0.761119,0.0,5.22688e-06,3.586
443,600.616,0.771775,0.0,5.19605e-06,3.264
444,603.88,0.788568,0.0,5.30237e-06,3.669
445,607.549,0.791716,0.0,5.33915e-06,3.713
446,611.262,0.346298,0.0,5.37189e-06,3.76
447,615.022,0.193661,0.0,5.49747e-06,3.805
448,618.827,0.130123,0.0,5.68147e-06,3.466
449,622.293,0.0953178,0.0,5.91005e-06,3.897
450,626.19,0.0749302,0.0,6.08265e-06,3.946
451,630.136,0.0586051,0.0,5.92649e-06,3.995
452,634.131,0.0475254,0.0,5.7764e-06,3.64
453,637.771,0.0391422,0.0,5.4889e-06,4.094
454,641.865,0.0328274,0.0,5.03229e-06,4.146
455,646.011,0.0271446,0.0,4.61005e-06,4.2
456,650.211,0.0223345,0.0,4.38538e-06,4.256
457,654.467,0.0189013,0.0,4.24533e-06,3.877
458,658.344,0.0173999,0.0,4.66627e-06,4.363
459,662.707,0.0152185,0.0,5.32372e-06,4.421
460,667.128,0.0131432,0.0,5.70782e-06,4.481
461,671.609,0.0123788,0.0,6.14335e-06,4.541
462,676.15,0.0112486,0.0,6.19785e-06,4.139
463,680.289,0.0100257,0.0,6.00475e-06,4.66
464,684.949,0.00901066,0.0,5.40356e-06,4.723
465,689.672,0.00788651,0.0,4.77442e-06,4.79
466,694.462,0.00677893,0.0,4.2289e-06,4.368
467,698.83,0.00603532,0.0,3.89535e-06,4.917
468,703.747,0.00550694,0.0,3.94323e-06,4.988
469,708.735,0.00524411,0.0,4.45885e-06,5.059
470,713.794,0.00457344,0.0,4.82491e-06,5.131
471,718.925,0.00429761,0.0,5.17979e-06,4.682
472,723.607,0.00376605,0.0,5.32863e-06,5.274
473,728.881,0.00368947,0.0,5.23573e-06,5.352
474,734.233,0.00338975,0.0,4.81364e-06,5.431
475,739.664,0.00308612,0.0,4.37994e-06,5.511
476,745.175,0.0029519,0.0,4.28895e-06,5.031
477,750.206,0.00275465,0.0,4.23468e-06,5.671
478,755.877,0.00235405,0.0,4.26103e-06,5.757
479,761.634,0.00218828,0.0,4.57815e-06,5.845
480,767.479,0.00212989,0.0,4.94096e-06,5.338
481,772.817,0.00192537,0.0,5.18683e-06,6.019
482,778.836,0.00165714,0.0,5.2129e-06,6.113
483,784.949,0.0016044,0.0,5.55402e-06,6.21
484,791.159,0.00147528,0.0,5.6984e-06,6.309
485,797.468,0.00147411,0.0,6.31113e-06,5.765
486,803.233,0.00135885,0.0,6.71764e-06,6.504
487,809.737,0.00129159,0.0,7.14219e-06,6.61
488,816.347,0.00120095,0.0,7.98473e-06,6.719
489,823.066,0.00120497,0.0,8.83216e-06,6.83
490,829.896,0.00111174,0.0,9.3108e-06,6.245
491,836.141,0.00111642,0.0,9.82736e-06,7.05
492,843.191,0.001034,0.0,1.01582e-05,7.171
493,850.362,0.000916543,0.0,9.93687e-06,7.292
494,857.654,0.000829344,0.0,9.52116e-06,6.672
495,864.326,0.000719386,0.0,8.7906e-06,7.536
496,871.862,0.000684789,0.0,9.10522e-06,7.668
497,879.53,0.000646737,0.0,9.58124e-06,7.804
498,887.334,0.000647242,0.0,9.99328e-06,7.944
499,895.278,0.00053679,0.0,9.61231e-06,7.272
500,902.55,0.000517203,0.0,1.01977e-05,8.22
501,910.77,0.000496688,0.0,0.000129766,8.371
502,919.141,0.000512356,0.0,0.000132074,8.526
503,927.667,1.30745e-06,0.0,0.000136951,8.686
504,936.353,1.14384e-06,0.0,0.000133852,7.958
505,944.311,1.01569e-06,0.0,0.000125641,9.002
506,953.313,8.26724e-07,0.0,0.0001162,9.175
507,962.488,8.16548e-07,0.0,0.000118998,9.354
508,971.842,7.69422e-07,0.0,0.000119865,8.575
509,980.417,7.21623e-07,0.0,0.000114115,9.707
510,990.124,6.36374e-07,0.0,0.000113655,9.906
511,1000.03,5.03943e-07,0.0,0.00010641,9.906
